kernel;c_value;gamma;precision_mean;precision_std;recall_mean;recall_std;f1_mean;f1_std;accuracy_mean;accuracy_std;data_count
rbf;10.0;scale;0.9943166666666667;0.01885731312851767;0.99502;0.014576433188348321;0.99453;0.013175739111093378;0.9961111111111112;0.00919042545804465;90
