kernel;c_value;gamma;precision_mean;precision_std;recall_mean;recall_std;f1_mean;f1_std;accuracy_mean;accuracy_std;data_count
poly;1.0;scale;0.9878166666666667;0.009123687120165128;0.9868;0.012403709122677773;0.9872833333333334;0.009925405113478595;0.9909333333333334;0.006869255175538795;6
